<?xml version="1.0" encoding="UTF-8"?>
<project-private xmlns="http://www.netbeans.org/ns/project-private/1">
    <editor-bookmarks xmlns="http://www.netbeans.org/ns/editor-bookmarks/2" lastBookmarkId="0"/>
    <open-files xmlns="http://www.netbeans.org/ns/projectui-open-files/2">
        <group>
            <file>file:/E:/Shankar/TY%20Practicals/sem%206/CC/prac1/web/index.html</file>
            <file>file:/E:/Shankar/TY%20Practicals/sem%206/CC/prac1/src/java/server/currency.java</file>
            <file>file:/E:/Shankar/TY%20Practicals/sem%206/CC/prac1/web/input.jsp</file>
            <file>file:/E:/Shankar/TY%20Practicals/sem%206/CC/prac1/web/output.jsp</file>
        </group>
    </open-files>
</project-private>
